"SAMPLE_NUMBER","LOGIN_DATE","LOGIN_DATE","REPORTABLE","ANALYSIS","REPORTED_NAME","REPORTED_UNITS","ENTRY","REPLICATE_COUNT","PRODUCT","CUSTOMER","IN_SPEC","PRODUCT_GRADE","SAMPLE_NAME","NAME","SAMPLING_POINT"
"5962243","17/02/2014 12:11:39 PM","17/02/2014 12:11:39 PM","T","IODI010493","Iodine","UG_P_100G","131","1","QC","","T","SRM","SRM","IODI01-14-0018","IRM001A"
"5969942","19/02/2014 11:09:44 AM","19/02/2014 11:09:44 AM","T","IODI010493","Iodine","UG_P_100G","171","1","QC","","T","SRM","SRM","IODI01-14-0019","IRM001A"
"5974700","20/02/2014 02:35:44 PM","20/02/2014 02:35:44 PM","T","IODI010493","Iodine","UG_P_100G","110","1","QC","","T","SRM","SRM","IODI01-14-0020","IRM001A"
"5986355","25/02/2014 09:15:17 AM","25/02/2014 09:15:17 AM","T","IODI010493","Iodine","UG_P_100G","96","1","QC","","T","SRM","SRM","IODI01-14-0021","IRM001A"
"5995371","27/02/2014 12:52:01 PM","27/02/2014 12:52:01 PM","T","IODI010493","Iodine","UG_P_100G","112","1","QC","","T","SRM","SRM","IODI01-14-0022","IRM001A"
"6004016","03/03/2014 08:33:52 AM","03/03/2014 08:33:52 AM","T","IODI010493","Iodine","UG_P_100G","122","1","QC","","T","SRM","SRM","IODI01-14-0023","IRM001A"
"6014554","06/03/2014 08:08:01 AM","06/03/2014 08:08:01 AM","T","IODI010493","Iodine","UG_P_100G","111","1","QC","","T","SRM","SRM","IODI01-14-0024","IRM001A"
"6035543","13/03/2014 01:08:36 PM","13/03/2014 01:08:36 PM","T","IODI010493","Iodine","UG_P_100G","114","1","QC","","T","SRM","SRM","IODI01-14-0026","IRM001A"
"6049411","18/03/2014 01:20:13 PM","18/03/2014 01:20:13 PM","T","IODI010493","Iodine","UG_P_100G","114","1","QC","","T","SRM","SRM","IODI01-14-0027","IRM001A"
"6056368","20/03/2014 10:06:46 AM","20/03/2014 10:06:46 AM","T","IODI010493","Iodine","UG_P_100G","117","1","QC","","T","SRM","SRM","IODI01-14-0028","IRM001A"
"6065016","24/03/2014 07:21:10 AM","24/03/2014 07:21:10 AM","T","IODI010493","Iodine","UG_P_100G","119","1","QC","","T","SRM","SRM","IODI01-14-0029","IRM001A"
"6069045","25/03/2014 10:26:15 AM","25/03/2014 10:26:15 AM","T","IODI010493","Iodine","UG_P_100G","105","1","QC","","T","SRM","SRM","IODI01-14-0030","IRM001A"
"6073353","26/03/2014 11:15:00 AM","26/03/2014 11:15:00 AM","T","IODI010493","Iodine","UG_P_100G","111","1","QC","","T","SRM","SRM","IODI01-14-0031","IRM001A"
"6080808","28/03/2014 10:53:10 AM","28/03/2014 10:53:10 AM","T","IODI010493","Iodine","UG_P_100G","115","1","QC","","T","SRM","SRM","IODI01-14-0032","IRM001A"
"6087271","31/03/2014 01:04:10 PM","31/03/2014 01:04:10 PM","T","IODI010493","Iodine","UG_P_100G","117","1","QC","","T","SRM","SRM","IODI01-14-0033","IRM001A"
"6110569","08/04/2014 11:55:39 AM","08/04/2014 11:55:39 AM","T","IODI010493","Iodine","UG_P_100G","121","1","QC","","T","SRM","SRM","IODI01-14-0034","IRM001A"
"6129182","14/04/2014 12:11:13 PM","14/04/2014 12:11:13 PM","T","IODI010493","Iodine","","","1","QC","","T","SRM","SRM","IODI01-14-0035","IRM001A"
"6135024","16/04/2014 08:28:52 AM","16/04/2014 08:28:52 AM","T","IODI010493","Iodine","UG_P_100G","108","1","QC","","T","SRM","SRM","IODI01-14-0036","IRM001A"
"6140293","17/04/2014 10:52:58 AM","17/04/2014 10:52:58 AM","T","IODI010493","Iodine","UG_P_100G","110","1","QC","","T","SRM","SRM","IODI01-14-0037","IRM001A"
"6150143","22/04/2014 03:28:59 PM","22/04/2014 03:28:59 PM","T","IODI010493","Iodine","UG_P_100G","113","1","QC","","T","SRM","SRM","IODI01-14-0038","IRM001A"
"6166437","29/04/2014 10:34:30 AM","29/04/2014 10:34:30 AM","T","IODI010493","Iodine","UG_P_100G","115","1","QC","","T","SRM","SRM","IODI01-14-0040","IRM001A"
"6174007","01/05/2014 09:17:55 AM","01/05/2014 09:17:55 AM","T","IODI010493","Iodine","UG_P_100G","107","1","QC","","T","SRM","SRM","IODI01-14-0041","IRM001A"
"6176281","01/05/2014 03:09:09 PM","01/05/2014 03:09:09 PM","T","IODI010493","Iodine","UG_P_100G","151","1","QC","","T","SRM","SRM","IODI01-14-0039","IRM001A"
"6181200","03/05/2014 07:41:21 AM","03/05/2014 07:41:21 AM","T","IODI010493","Iodine","UG_P_100G","115","1","QC","","T","SRM","SRM","IODI01-14-0042","IRM001A"
"6181471","03/05/2014 09:22:56 AM","03/05/2014 09:22:56 AM","T","IODI010493","Iodine","UG_P_100G","126","1","QC","","T","SRM","SRM","IODI01-14-0043","IRM001A"
"6183146","04/05/2014 01:47:35 PM","04/05/2014 01:47:35 PM","T","IODI010493","Iodine","UG_P_100G","107","1","QC","","T","SRM","SRM","IODI01-14-0044","IRM001A"
"6183647","05/05/2014 08:15:01 AM","05/05/2014 08:15:01 AM","T","IODI010493","Iodine","UG_P_100G","120","1","QC","","T","SRM","SRM","IODI01-14-0045","IRM001A"
"6194532","07/05/2014 05:56:16 PM","07/05/2014 05:56:16 PM","T","IODI010493","Iodine","UG_P_100G","112","1","QC","","T","SRM","SRM","IODI01-14-0046","IRM001A"
"6194639","07/05/2014 07:02:17 PM","07/05/2014 07:02:17 PM","T","IODI010493","Iodine","UG_P_100G","121","1","QC","","T","SRM","SRM","IODI01-14-0047","IRM001A"
"6198731","08/05/2014 05:43:31 PM","08/05/2014 05:43:31 PM","T","IODI010493","Iodine","UG_P_100G","117","1","QC","","T","SRM","SRM","IODI01-14-0048","IRM001A"
"6206842","12/05/2014 01:21:25 PM","12/05/2014 01:21:25 PM","T","IODI010493","Iodine","UG_P_100G","121","1","QC","","T","SRM","SRM","IODI01-14-0049","IRM001A"
"6207356","12/05/2014 02:25:55 PM","12/05/2014 02:25:55 PM","T","IODI010493","Iodine","UG_P_100G","118","1","QC","","T","SRM","SRM","IODI01-14-0050","IRM001A"
"6221270","16/05/2014 09:16:26 AM","16/05/2014 09:16:26 AM","T","IODI010493","Iodine","","","1","QC","","T","SRM","SRM","IODI01-14-0052","IRM001A"
"6221279","16/05/2014 09:18:14 AM","16/05/2014 09:18:14 AM","T","IODI010493","Iodine","UG_P_100G","118","1","QC","","T","SRM","SRM","IODI01-14-0051","IRM001A"
"6227539","19/05/2014 07:44:01 AM","19/05/2014 07:44:01 AM","T","IODI010493","Iodine","UG_P_100G","123","1","QC","","T","SRM","SRM","IODI01-14-0053","IRM001A"
"6232447","20/05/2014 12:38:00 PM","20/05/2014 12:38:00 PM","T","IODI010493","Iodine","UG_P_100G","84","1","QC","","T","SRM","SRM","IODI01-14-0054","IRM001A"
"6236502","21/05/2014 12:45:23 PM","21/05/2014 12:45:23 PM","T","IODI010493","Iodine","UG_P_100G","123","1","QC","","T","SRM","SRM","IODI01-14-0055","IRM001A"
"6241098","22/05/2014 01:15:10 PM","22/05/2014 01:15:10 PM","T","IODI010493","Iodine","UG_P_100G","109","1","QC","","T","SRM","SRM","IODI01-14-0056","IRM001A"
"6250434","26/05/2014 10:26:57 AM","26/05/2014 10:26:57 AM","T","IODI010493","Iodine","UG_P_100G","131","1","QC","","T","SRM","SRM","IODI01-14-0057","IRM001A"
"6272113","02/06/2014 10:02:49 AM","02/06/2014 10:02:49 AM","T","IODI010493","Iodine","UG_P_100G","131","1","QC","","T","SRM","SRM","IODI01-14-0058","IRM001A"
"6294917","10/06/2014 01:15:04 PM","10/06/2014 01:15:04 PM","T","IODI010493","Iodine","UG_P_100G","125","1","QC","","T","SRM","SRM","IODI01-14-0060","IRM001A"
"6296559","10/06/2014 08:00:44 PM","10/06/2014 08:00:44 PM","T","IODI010493","Iodine","UG_P_100G","108","1","QC","","T","SRM","SRM","IODI01-14-0059","IRM001A"
"6302180","12/06/2014 10:30:04 AM","12/06/2014 10:30:04 AM","T","IODI010493","Iodine","UG_P_100G","124","1","QC","","T","SRM","SRM","IODI01-14-0061","IRM001A"
"6306655","13/06/2014 11:14:40 AM","13/06/2014 11:14:40 AM","T","IODI010493","Iodine","UG_P_100G","131","1","QC","","T","SRM","SRM","IODI01-14-0062","IRM001A"
"6313207","16/06/2014 01:15:31 PM","16/06/2014 01:15:31 PM","T","IODI010493","Iodine","UG_P_100G","112","1","QC","","T","SRM","SRM","IODI01-14-0063","IRM001A"
"6315775","17/06/2014 10:14:25 AM","17/06/2014 10:14:25 AM","T","IODI010493","Iodine","UG_P_100G","110","1","QC","","T","SRM","SRM","IODI01-14-0064","IRM001A"
"6321772","18/06/2014 01:45:48 PM","18/06/2014 01:45:48 PM","T","IODI010493","Iodine","UG_P_100G","114","1","QC","","T","SRM","SRM","IODI01-14-0065","IRM001A"
"6322122","18/06/2014 02:17:20 PM","18/06/2014 02:17:20 PM","T","IODI010493","Iodine","UG_P_100G","118","1","QC","","T","SRM","SRM","IODI01-14-0066","IRM001A"
"6325836","19/06/2014 01:08:23 PM","19/06/2014 01:08:23 PM","T","IODI010493","Iodine","UG_P_100G","124","1","QC","","T","SRM","SRM","IODI01-14-0067","IRM001A"
"6328948","20/06/2014 09:58:58 AM","20/06/2014 09:58:58 AM","T","IODI010493","Iodine","UG_P_100G","136","1","QC","","T","SRM","SRM","IODI01-14-0068","IRM001A"
"6334533","23/06/2014 07:55:27 AM","23/06/2014 07:55:27 AM","T","IODI010493","Iodine","UG_P_100G","121","1","QC","","T","SRM","SRM","IODI01-14-0069","IRM001A"
"6335319","23/06/2014 11:16:12 AM","23/06/2014 11:16:12 AM","T","IODI010493","Iodine","UG_P_100G","126","1","QC","","T","SRM","SRM","IODI01-14-0070","IRM001A"
"6340165","24/06/2014 02:28:54 PM","24/06/2014 02:28:54 PM","T","IODI010493","Iodine","UG_P_100G","120","1","QC","","T","SRM","SRM","IODI01-14-0071","IRM001A"
"6345477","26/06/2014 07:26:10 AM","26/06/2014 07:26:10 AM","T","IODI010493","Iodine","UG_P_100G","122","1","QC","","T","SRM","SRM","IODI01-14-0072","IRM001A"
"6346416","26/06/2014 10:45:58 AM","26/06/2014 10:45:58 AM","T","IODI010493","Iodine","UG_P_100G","134","1","QC","","T","SRM","SRM","IODI01-14-0073","IRM001A"
"6348913","27/06/2014 07:18:43 AM","27/06/2014 07:18:43 AM","T","IODI010493","Iodine","UG_P_100G","121","1","QC","","T","SRM","SRM","IODI01-14-0074","IRM001A"
"6356324","30/06/2014 11:23:40 AM","30/06/2014 11:23:40 AM","T","IODI010493","Iodine","UG_P_100G","131","1","QC","","T","SRM","SRM","IODI01-14-0075","IRM001A"
"6358001","01/07/2014 07:03:10 AM","01/07/2014 07:03:10 AM","T","IODI010493","Iodine","UG_P_100G","123","1","QC","","T","SRM","SRM","IODI01-14-0076","IRM001A"
"6358200","01/07/2014 08:09:35 AM","01/07/2014 08:09:35 AM","T","IODI010493","Iodine","UG_P_100G","108","1","QC","","T","SRM","SRM","IODI01-14-0077","IRM001A"
"6360451","01/07/2014 12:59:21 PM","01/07/2014 12:59:21 PM","T","IODI010493","Iodine","UG_P_100G","132","1","QC","","T","SRM","SRM","IODI01-14-0078","IRM001A"
"6363938","02/07/2014 01:05:44 PM","02/07/2014 01:05:44 PM","T","IODI010493","Iodine","UG_P_100G","118","1","QC","","T","SRM","SRM","IODI01-14-0079","IRM001A"
"6365919","03/07/2014 07:25:38 AM","03/07/2014 07:25:38 AM","T","IODI010493","Iodine","UG_P_100G","116","1","QC","","T","SRM","SRM","IODI01-14-0080","IRM001A"
"6371280","04/07/2014 12:42:59 PM","04/07/2014 12:42:59 PM","T","IODI010493","Iodine","UG_P_100G","119","1","QC","","T","SRM","SRM","IODI01-14-0081","IRM001A"
"6381163","08/07/2014 06:02:02 PM","08/07/2014 06:02:02 PM","T","IODI010493","Iodine","UG_P_100G","127","1","QC","","T","SRM","SRM","IODI01-14-0082","IRM001A"
"6393917","14/07/2014 07:14:31 AM","14/07/2014 07:14:31 AM","T","IODI010493","Iodine","UG_P_100G","118","1","QC","","T","SRM","SRM","IODI01-14-0083","IRM001A"
"6408247","18/07/2014 12:15:49 PM","18/07/2014 12:15:49 PM","T","IODI010493","Iodine","UG_P_100G","113","1","QC","","T","SRM","SRM","IODI01-14-0084","IRM001A"
"6411214","19/07/2014 12:05:55 PM","19/07/2014 12:05:55 PM","T","IODI010493","Iodine","UG_P_100G","113","1","QC","","T","SRM","SRM","IODI01-14-0085","IRM001A"
"6413339","21/07/2014 10:23:47 AM","21/07/2014 10:23:47 AM","T","IODI010493","Iodine","UG_P_100G","114","1","QC","","T","SRM","SRM","IODI01-14-0086","IRM001A"
"6416227","22/07/2014 11:12:29 AM","22/07/2014 11:12:29 AM","T","IODI010493","Iodine","","","1","QC","","T","SRM","SRM","IODI01-14-0087","IRM001A"
"6425115","24/07/2014 04:06:21 PM","24/07/2014 04:06:21 PM","T","IODI010493","Iodine","UG_P_100G","109","1","QC","","T","SRM","SRM","IODI01-14-0087","IRM001A"
"6428913","25/07/2014 04:15:48 PM","25/07/2014 04:15:48 PM","T","IODI010493","Iodine","UG_P_100G","123","1","QC","","T","SRM","SRM","IODI01-14-0088","IRM001A"
"6436703","29/07/2014 10:31:29 AM","29/07/2014 10:31:29 AM","T","IODI010493","Iodine","UG_P_100G","120","1","QC","","T","SRM","SRM","IODI01-14-0089","IRM001A"
"6445151","31/07/2014 12:51:59 PM","31/07/2014 12:51:59 PM","T","IODI010493","Iodine","UG_P_100G","116","1","QC","","T","SRM","SRM","IODI01-14-0090","IRM001A"
"6451466","02/08/2014 01:33:49 PM","02/08/2014 01:33:49 PM","T","IODI010493","Iodine","UG_P_100G","111","1","QC","","T","SRM","SRM","IODI01-14-0091","IRM001A"
"6459492","06/08/2014 07:17:45 AM","06/08/2014 07:17:45 AM","T","IODI010493","Iodine","UG_P_100G","123","1","QC","","T","SRM","SRM","IODI01-14-0092","IRM001A"
"6468451","08/08/2014 10:51:34 AM","08/08/2014 10:51:34 AM","T","IODI010493","Iodine","UG_P_100G","111","1","QC","","T","SRM","SRM","IODI01-14-0093","IRM001A"
"6476669","12/08/2014 08:22:55 AM","12/08/2014 08:22:55 AM","T","IODI010493","Iodine","UG_P_100G","137","1","QC","","T","SRM","SRM","IODI01-14-0094","IRM001A"
"6484179","14/08/2014 08:23:38 AM","14/08/2014 08:23:38 AM","T","IODI010493","Iodine","UG_P_100G","127","1","QC","","T","SRM","SRM","IODI01-14-0095","IRM001A"
"6493699","16/08/2014 12:23:31 PM","16/08/2014 12:23:31 PM","T","IODI010493","Iodine","UG_P_100G","130","1","QC","","T","SRM","SRM","IODI01-14-0096","IRM001A"
"6496472","18/08/2014 10:17:45 AM","18/08/2014 10:17:45 AM","T","IODI010493","Iodine","UG_P_100G","111","1","QC","","T","SRM","SRM","IODI01-14-0097","IRM001A"
"6503717","20/08/2014 07:19:56 AM","20/08/2014 07:19:56 AM","T","IODI010493","Iodine","UG_P_100G","122","1","QC","","T","SRM","SRM","IODI01-14-0098","IRM001A"
"6516044","23/08/2014 07:42:22 AM","23/08/2014 07:42:22 AM","T","IODI010493","Iodine","UG_P_100G","131","1","QC","","T","SRM","SRM","IODI01-14-0099","IRM001A"
"6519719","25/08/2014 10:35:51 AM","25/08/2014 10:35:51 AM","T","IODI010493","Iodine","UG_P_100G","135","1","QC","","T","SRM","SRM","IODI01-14-0100","IRM001A"
"6537038","29/08/2014 11:33:52 AM","29/08/2014 11:33:52 AM","T","IODI010493","Iodine","UG_P_100G","135","1","QC","","T","SRM","SRM","IODI01-14-0101","IRM001A"
"6542038","01/09/2014 06:29:09 AM","01/09/2014 06:29:09 AM","T","IODI010493","Iodine","UG_P_100G","152","1","QC","","F","SRM","SRM","IODI01-14-0102","IRM001A"
"6557437","04/09/2014 08:00:01 PM","04/09/2014 08:00:01 PM","T","IODI010493","Iodine","UG_P_100G","106","1","QC","","T","SRM","SRM","IODI01-14-0103","IRM001A"
"6558392","05/09/2014 09:46:57 AM","05/09/2014 09:46:57 AM","T","IODI010493","Iodine","UG_P_100G","119","1","QC","","T","SRM","SRM","IODI01-14-0104","IRM001A"
"6564572","08/09/2014 07:26:15 AM","08/09/2014 07:26:15 AM","T","IODI010493","Iodine","UG_P_100G","109","1","QC","","T","SRM","SRM","IODI01-14-0105","IRM001A"
"6570547","09/09/2014 02:23:49 PM","09/09/2014 02:23:49 PM","T","IODI010493","Iodine","UG_P_100G","137","1","QC","","T","SRM","SRM","IODI01-14-0106","IRM001A"
"6577191","11/09/2014 11:53:15 AM","11/09/2014 11:53:15 AM","T","IODI010493","Iodine","UG_P_100G","133","1","QC","","T","SRM","SRM","IODI01-14-0107","IRM001A"
"6589420","15/09/2014 01:54:14 PM","15/09/2014 01:54:14 PM","T","IODI010493","Iodine","UG_P_100G","124","1","QC","","T","SRM","SRM","IODI01-14-0108","IRM001A"
"6589858","15/09/2014 02:56:13 PM","15/09/2014 02:56:13 PM","T","IODI010493","Iodine","UG_P_100G","109","1","QC","","T","SRM","SRM","IODI01-14-0109","IRM001A"
"6602886","19/09/2014 06:42:39 AM","19/09/2014 06:42:39 AM","T","IODI010493","Iodine","UG_P_100G","135","1","QC","","T","SRM","SRM","IODI01-14-0110","IRM001A"
"6611526","22/09/2014 11:31:47 AM","22/09/2014 11:31:47 AM","T","IODI010493","Iodine","UG_P_100G","120","1","QC","","T","SRM","SRM","IODI01-14-0111","IRM001A"
"6618642","24/09/2014 10:30:05 AM","24/09/2014 10:30:05 AM","T","IODI010493","Iodine","UG_P_100G","121","1","QC","","T","SRM","SRM","IODI01-14-0112","IRM001A"
"6627931","26/09/2014 11:15:09 AM","26/09/2014 11:15:09 AM","T","IODI010493","Iodine","UG_P_100G","127","1","QC","","T","SRM","SRM","IODI01-14-0113","IRM001A"
"6632201","27/09/2014 11:52:25 AM","27/09/2014 11:52:25 AM","T","IODI010493","Iodine","UG_P_100G","125","1","QC","","T","SRM","SRM","IODI01-14-0114","IRM001A"
"6635157","29/09/2014 09:00:28 AM","29/09/2014 09:00:28 AM","T","IODI010493","Iodine","UG_P_100G","112","1","QC","","T","SRM","SRM","IODI01-14-0116","IRM001A"
"6636777","29/09/2014 02:51:22 PM","29/09/2014 02:51:22 PM","T","IODI010493","Iodine","UG_P_100G","129","1","QC","","T","SRM","SRM","IODI01-14-0117","IRM001A"
"6641943","01/10/2014 08:04:02 AM","01/10/2014 08:04:02 AM","T","IODI010493","Iodine","UG_P_100G","116","1","QC","","T","SRM","SRM","IODI01-14-0118","IRM001A"
"6646208","02/10/2014 07:20:23 AM","02/10/2014 07:20:23 AM","T","IODI010493","Iodine","UG_P_100G","119","1","QC","","T","SRM","SRM","IODI01-14-0119","IRM001A"
"6651838","03/10/2014 10:55:39 AM","03/10/2014 10:55:39 AM","T","IODI010493","Iodine","UG_P_100G","139","1","QC","","T","SRM","SRM","IODI01-14-0120","IRM001A"
"6657616","06/10/2014 06:28:22 AM","06/10/2014 06:28:22 AM","T","IODI010493","Iodine","UG_P_100G","125","1","QC","","T","SRM","SRM","IODI01-14-0121","IRM001A"
"6661133","07/10/2014 08:51:27 AM","07/10/2014 08:51:27 AM","T","IODI010493","Iodine","UG_P_100G","117","1","QC","","T","SRM","SRM","IODI01-14-0122","IRM001A"
"6665322","08/10/2014 09:44:32 AM","08/10/2014 09:44:32 AM","T","IODI010493","Iodine","UG_P_100G","106","1","QC","","T","SRM","SRM","IODI01-14-0124","IRM001A"
"6668914","09/10/2014 07:41:22 AM","09/10/2014 07:41:22 AM","T","IODI010493","Iodine","UG_P_100G","136","1","QC","","T","SRM","SRM","IODI01-14-0125","IRM001A"
"6679371","11/10/2014 12:23:35 PM","11/10/2014 12:23:35 PM","T","IODI010493","Iodine","UG_P_100G","115","1","QC","","T","SRM","SRM","IODI01-14-0126","IRM001A"
"6681795","13/10/2014 09:24:59 AM","13/10/2014 09:24:59 AM","T","IODI010493","Iodine","UG_P_100G","126","1","QC","","T","SRM","SRM","IODI01-14-0127","IRM001A"
"6685938","14/10/2014 10:33:22 AM","14/10/2014 10:33:22 AM","T","IODI010493","Iodine","UG_P_100G","114","1","QC","","T","SRM","SRM","IODI01-14-0128","IRM001A"
"6693423","16/10/2014 06:29:22 AM","16/10/2014 06:29:22 AM","T","IODI010493","Iodine","UG_P_100G","144","1","QC","","F","SRM","SRM","IODI01-14-0129","IRM001A"
"6703304","18/10/2014 01:41:53 PM","18/10/2014 01:41:53 PM","T","IODI010493","Iodine","UG_P_100G","131","1","QC","","T","SRM","SRM","IODI01-14-0130","IRM001A"
"6707556","20/10/2014 11:02:52 AM","20/10/2014 11:02:52 AM","T","IODI010493","Iodine","UG_P_100G","131","1","QC","","T","SRM","SRM","IODI01-14-0131","IRM001A"
"6712389","21/10/2014 12:33:39 PM","21/10/2014 12:33:39 PM","T","IODI010493","Iodine","UG_P_100G","138","1","QC","","T","SRM","SRM","IODI01-14-0132","IRM001A"
"6715313","22/10/2014 10:30:19 AM","22/10/2014 10:30:19 AM","T","IODI010493","Iodine","UG_P_100G","129","1","QC","","T","SRM","SRM","IODI01-14-0133","IRM001A"
"6724580","24/10/2014 09:59:44 AM","24/10/2014 09:59:44 AM","T","IODI010493","Iodine","UG_P_100G","135","1","QC","","T","SRM","SRM","IODI01-14-0134","IRM001A"
"6731739","27/10/2014 07:18:02 AM","27/10/2014 07:18:02 AM","T","IODI010493","Iodine","UG_P_100G","141","1","QC","","T","SRM","SRM","IODI01-14-0135","IRM001A"
"6737752","28/10/2014 01:21:32 PM","28/10/2014 01:21:32 PM","T","IODI010493","Iodine","UG_P_100G","121","1","QC","","T","SRM","SRM","IODI01-14-0136","IRM001A"
"6741532","29/10/2014 11:16:01 AM","29/10/2014 11:16:01 AM","T","IODI010493","Iodine","UG_P_100G","117","1","QC","","T","SRM","SRM","IODI01-14-0137","IRM001A"
"6746111","30/10/2014 11:25:54 AM","30/10/2014 11:25:54 AM","T","IODI010493","Iodine","UG_P_100G","133","1","QC","","T","SRM","SRM","IODI01-14-0138","IRM001A"
"6750601","31/10/2014 11:29:56 AM","31/10/2014 11:29:56 AM","T","IODI010493","Iodine","UG_P_100G","141","1","QC","","T","SRM","SRM","IODI01-14-0139","IRM001A"
"6756435","03/11/2014 09:35:23 AM","03/11/2014 09:35:23 AM","T","IODI010493","Iodine","UG_P_100G","128","1","QC","","T","SRM","SRM","IODI01-14-0140","IRM001A"
"6763330","05/11/2014 10:39:00 AM","05/11/2014 10:39:00 AM","T","IODI010493","Iodine","UG_P_100G","127","1","QC","","T","SRM","SRM","IODI01-14-0141","IRM001A"
"6772316","07/11/2014 12:02:30 PM","07/11/2014 12:02:30 PM","T","IODI010493","Iodine","UG_P_100G","141","1","QC","","T","SRM","SRM","IODI01-14-0142","IRM001A"
"6773595","07/11/2014 03:26:23 PM","07/11/2014 03:26:23 PM","T","IODI010493","Iodine","UG_P_100G","126","1","QC","","T","SRM","SRM","IODI01-14-0143","IRM001A"
"6779363","10/11/2014 01:26:01 PM","10/11/2014 01:26:01 PM","T","IODI010493","Iodine","UG_P_100G","95","1","QC","","T","SRM","SRM","IODI01-14-0144","IRM001A"
"6782744","11/11/2014 11:00:49 AM","11/11/2014 11:00:49 AM","T","IODI010493","Iodine","UG_P_100G","127","1","QC","","T","SRM","SRM","IODI01-14-0145","IRM001A"
"6786842","12/11/2014 10:17:38 AM","12/11/2014 10:17:38 AM","T","IODI010493","Iodine","UG_P_100G","139","1","QC","","T","SRM","SRM","IODI01-14-0146","IRM001A"
"6816985","20/11/2014 11:58:45 AM","20/11/2014 11:58:45 AM","T","IODI010493","Iodine","UG_P_100G","120","1","QC","","T","SRM","SRM","IODI01-14-0148","IRM001A"
"6829668","24/11/2014 02:57:02 PM","24/11/2014 02:57:02 PM","T","IODI010493","Iodine","UG_P_100G","138","1","QC","","T","SRM","SRM","IODI01-14-0149","IRM001A"
"6837335","26/11/2014 11:52:37 AM","26/11/2014 11:52:37 AM","T","IODI010493","Iodine","UG_P_100G","114","1","QC","","T","SRM","SRM","IODI01-14-0150","IRM001A"
"6841442","27/11/2014 10:30:28 AM","27/11/2014 10:30:28 AM","T","IODI010493","Iodine","UG_P_100G","111","1","QC","","T","SRM","SRM","IODI01-14-0151","IRM001A"
"6854304","01/12/2014 01:31:21 PM","01/12/2014 01:31:21 PM","T","IODI010493","Iodine","UG_P_100G","131","1","QC","","T","SRM","SRM","IODI01-14-0152","IRM001A"
"6856408","02/12/2014 06:43:38 AM","02/12/2014 06:43:38 AM","T","IODI010493","Iodine","UG_P_100G","135","1","QC","","T","SRM","SRM","IODI01-14-0153","IRM001A"
"6862108","03/12/2014 09:47:50 AM","03/12/2014 09:47:50 AM","T","IODI010493","Iodine","UG_P_100G","138","1","QC","","T","SRM","SRM","IODI01-14-0154","IRM001A"
"6871901","05/12/2014 11:33:07 AM","05/12/2014 11:33:07 AM","T","IODI010493","Iodine","UG_P_100G","126","1","QC","","T","SRM","SRM","IODI01-14-0155","IRM001A"
"6875606","06/12/2014 12:13:17 PM","06/12/2014 12:13:17 PM","T","IODI010493","Iodine","UG_P_100G","137","1","QC","","T","SRM","SRM","IODI01-14-0156","IRM001A"
"6878466","08/12/2014 08:03:23 AM","08/12/2014 08:03:23 AM","T","IODI010493","Iodine","UG_P_100G","131","1","QC","","T","SRM","SRM","IODI01-14-0157","IRM001A"
"6884072","09/12/2014 11:43:13 AM","09/12/2014 11:43:13 AM","T","IODI010493","Iodine","UG_P_100G","136","1","QC","","T","SRM","SRM","IODI01-14-0158","IRM001A"
"6888633","10/12/2014 12:15:40 PM","10/12/2014 12:15:40 PM","T","IODI010493","Iodine","UG_P_100G","135","1","QC","","T","SRM","SRM","IODI01-14-0159","IRM001A"
"6895472","12/12/2014 06:10:28 AM","12/12/2014 06:10:28 AM","T","IODI010493","Iodine","UG_P_100G","108","1","QC","","T","SRM","SRM","IODI01-14-0160","IRM001A"
"6903532","15/12/2014 09:33:54 AM","15/12/2014 09:33:54 AM","T","IODI010493","Iodine","UG_P_100G","97","1","QC","","T","SRM","SRM","IODI01-14-0161","IRM001A"
"6906342","16/12/2014 06:35:35 AM","16/12/2014 06:35:35 AM","T","IODI010493","Iodine","UG_P_100G","102","1","QC","","T","SRM","SRM","IODI01-14-0162","IRM001A"
"6915624","18/12/2014 06:14:09 AM","18/12/2014 06:14:09 AM","T","IODI010493","Iodine","UG_P_100G","123","1","QC","","T","SRM","SRM","IODI01-14-0163","IRM001A"
"6922667","19/12/2014 11:24:27 AM","19/12/2014 11:24:27 AM","T","IODI010493","Iodine","UG_P_100G","118","1","QC","","T","SRM","SRM","IODI01-14-0164","IRM001A"
"6925326","20/12/2014 09:08:38 AM","20/12/2014 09:08:38 AM","T","IODI010493","Iodine","UG_P_100G","137","1","QC","","T","SRM","SRM","IODI01-14-0165","IRM001A"
"6925404","20/12/2014 09:26:01 AM","20/12/2014 09:26:01 AM","T","IODI010493","Iodine","UG_P_100G","137","1","QC","","T","SRM","SRM","IODI01-14-0166","IRM001A"
"6929857","22/12/2014 11:36:50 AM","22/12/2014 11:36:50 AM","T","IODI010493","Iodine","UG_P_100G","120","1","QC","","T","SRM","SRM","IODI01-14-0167","IRM001A"
"6932258","23/12/2014 07:58:16 AM","23/12/2014 07:58:16 AM","T","ICPM050214","Iodine","MG_P_KG","1.32","1","QC","","T","SRM","SRM","ICPM05-14-0002","IRM001A"
"6938038","24/12/2014 11:20:35 AM","24/12/2014 11:20:35 AM","T","IODI010493","Iodine","UG_P_100G","116","1","QC","","T","SRM","SRM","IODI01-14-0168","IRM001A"
"6942042","27/12/2014 06:56:41 AM","27/12/2014 06:56:41 AM","T","IODI010493","Iodine","UG_P_100G","121","1","QC","","T","SRM","SRM","IODI01-14-0169","IRM001A"
"6947123","30/12/2014 06:34:02 AM","30/12/2014 06:34:02 AM","T","IODI010493","Iodine","UG_P_100G","94","1","QC","","T","SRM","SRM","IODI01-14-0170","IRM001A"
"6954682","02/01/2015 06:12:05 AM","02/01/2015 06:12:05 AM","T","IODI010493","Iodine","UG_P_100G","102","1","QC","","T","SRM","SRM","IODI01-15-0001","IRM001A"
"6954929","02/01/2015 07:52:37 AM","02/01/2015 07:52:37 AM","T","IODI010493","Iodine","UG_P_100G","130","1","QC","","T","SRM","SRM","IODI01-15-0002","IRM001A"
"6960291","05/01/2015 11:28:40 AM","05/01/2015 11:28:40 AM","T","IODI010493","Iodine","UG_P_100G","109","1","QC","","T","SRM","SRM","IODI01-15-0003","IRM001A"
"6973395","08/01/2015 05:06:13 PM","08/01/2015 05:06:13 PM","T","IODI010493","Iodine","UG_P_100G","119","1","QC","","T","SRM","SRM","IODI01-15-0004","IRM001A"
"6974111","09/01/2015 06:59:24 AM","09/01/2015 06:59:24 AM","T","IODI010493","Iodine","UG_P_100G","96","1","QC","","T","SRM","SRM","IODI01-15-0005","IRM001A"
"6976788","09/01/2015 03:02:57 PM","09/01/2015 03:02:57 PM","T","IODI010493","Iodine","UG_P_100G","140","1","QC","","T","SRM","SRM","IODI01-15-0006","IRM001A"
"6980872","12/01/2015 08:11:39 AM","12/01/2015 08:11:39 AM","T","IODI010493","Iodine","UG_P_100G","121","1","QC","","T","SRM","SRM","IODI01-15-0007","IRM001A"
"6990926","14/01/2015 03:09:56 PM","14/01/2015 03:09:56 PM","T","IODI010493","Iodine","UG_P_100G","126","1","QC","","T","SRM","SRM","IODI01-15-0008","IRM001A"
"7004675","19/01/2015 12:55:49 PM","19/01/2015 12:55:49 PM","T","IODI010493","Iodine","UG_P_100G","137","1","QC","","T","SRM","SRM","IODI01-15-0009","IRM001A"
"7015284","22/01/2015 07:50:50 AM","22/01/2015 07:50:50 AM","T","IODI010493","Iodine","UG_P_100G","127","1","QC","","T","SRM","SRM","IODI01-15-0010","IRM001A"
"7021549","23/01/2015 01:22:53 PM","23/01/2015 01:22:53 PM","T","IODI010493","Iodine","UG_P_100G","97","1","QC","","T","SRM","SRM","IODI01-15-0011","IRM001A"
"7030757","27/01/2015 07:50:12 PM","27/01/2015 07:50:12 PM","T","IODI010493","Iodine","UG_P_100G","99","1","QC","","T","SRM","SRM","IODI01-15-0012","IRM001A"
"7035907","29/01/2015 09:53:16 AM","29/01/2015 09:53:16 AM","T","IODI010493","Iodine","","","1","QC","","T","SRM","SRM","IODI01-15-0013","IRM001A"
"7040338","30/01/2015 10:16:07 AM","30/01/2015 10:16:07 AM","T","IODI010493","Iodine","UG_P_100G","80","1","QC","","F","SRM","SRM","IODI01-15-0014","IRM001A"
"7052442","03/02/2015 01:18:26 PM","03/02/2015 01:18:26 PM","T","IODI010493","Iodine","UG_P_100G","118","1","QC","","T","SRM","SRM","IODI01-15-0015","IRM001A"
"7062034","05/02/2015 05:16:40 PM","05/02/2015 05:16:40 PM","T","IODI010493","Iodine","UG_P_100G","101","1","QC","","T","SRM","SRM","IODI01-15-0016","IRM001A"
"7075151","10/02/2015 11:53:21 AM","10/02/2015 11:53:21 AM","T","IODI010493","Iodine","UG_P_100G","137","1","QC","","T","SRM","SRM","IODI01-15-0017","IRM001A"
"7080803","11/02/2015 03:36:08 PM","11/02/2015 03:36:08 PM","T","IODI010493","Iodine","UG_P_100G","149","1","QC","","F","SRM","SRM","IODI01-15-0018","IRM001A"
"7083638","12/02/2015 10:37:25 AM","12/02/2015 10:37:25 AM","T","IODI010493","Iodine","UG_P_100G","111","1","QC","","T","SRM","SRM","IODI01-15-0019","IRM001A"
"7092497","14/02/2015 11:05:47 AM","14/02/2015 11:05:47 AM","T","IODI010493","Iodine","UG_P_100G","132","1","QC","","T","SRM","SRM","IODI01-15-0020","IRM001A"
"7096647","16/02/2015 01:30:04 PM","16/02/2015 01:30:04 PM","T","IODI010493","Iodine","UG_P_100G","126","1","QC","","T","SRM","SRM","IODI01-15-0021","IRM001A"
"7100697","17/02/2015 01:37:24 PM","17/02/2015 01:37:24 PM","T","IODI010493","Iodine","UG_P_100G","150","1","QC","","F","SRM","SRM","IODI01-15-0022","IRM001A"
"7108708","19/02/2015 12:08:10 PM","19/02/2015 12:08:10 PM","T","IODI010493","Iodine","UG_P_100G","127","1","QC","","T","SRM","SRM","IODI01-15-0023","IRM001A"
"7116494","21/02/2015 12:38:47 PM","21/02/2015 12:38:47 PM","T","IODI010493","Iodine","UG_P_100G","99","1","QC","","T","SRM","SRM","IODI01-15-0024","IRM001A"
"7121830","24/02/2015 08:24:10 AM","24/02/2015 08:24:10 AM","T","IODI010493","Iodine","UG_P_100G","119","1","QC","","T","SRM","SRM","IODI01-15-0025","IRM001A"
"7125480","25/02/2015 07:40:38 AM","25/02/2015 07:40:38 AM","T","IODI010493","Iodine","UG_P_100G","112","1","QC","","T","SRM","SRM","IODI01-15-0026","IRM001A"
"7131799","26/02/2015 11:18:07 AM","26/02/2015 11:18:07 AM","T","IODI010493","Iodine","UG_P_100G","139","1","QC","","T","SRM","SRM","IODI01-15-0027","IRM001A"
"7135410","27/02/2015 10:13:05 AM","27/02/2015 10:13:05 AM","T","IODI010493","Iodine","UG_P_100G","102","1","QC","","T","SRM","SRM","IODI01-15-0028","IRM001A"
"7138404","28/02/2015 07:26:33 AM","28/02/2015 07:26:33 AM","T","IODI010493","Iodine","UG_P_100G","151","1","QC","","F","SRM","SRM","IODI01-15-0029","IRM001A"
"7141746","02/03/2015 07:05:17 AM","02/03/2015 07:05:17 AM","T","IODI010493","Iodine","UG_P_100G","120","1","QC","","T","SRM","SRM","IODI01-15-0030","IRM001A"
"7147469","03/03/2015 12:29:12 PM","03/03/2015 12:29:12 PM","T","IODI010493","Iodine","UG_P_100G","121","1","QC","","T","SRM","SRM","IODI01-15-0031","IRM001A"
"7154742","05/03/2015 06:24:56 AM","05/03/2015 06:24:56 AM","T","IODI010493","Iodine","UG_P_100G","135","1","QC","","T","SRM","SRM","IODI01-15-0032","IRM001A"
"7159223","06/03/2015 06:29:28 AM","06/03/2015 06:29:28 AM","T","IODI010493","Iodine","UG_P_100G","136","1","QC","","T","SRM","SRM","IODI01-15-0033","IRM001A"
"7167877","10/03/2015 07:21:20 AM","10/03/2015 07:21:20 AM","T","IODI010493","Iodine","UG_P_100G","130","1","QC","","T","SRM","SRM","IODI01-15-0034","IRM001A"
"7179069","12/03/2015 01:14:46 PM","12/03/2015 01:14:46 PM","T","IODI010493","Iodine","UG_P_100G","137","1","QC","","T","SRM","SRM","IODI01-15-0035","IRM001A"
"7184376","13/03/2015 08:32:40 PM","13/03/2015 08:32:40 PM","T","IODI010493","Iodine","UG_P_100G","111","1","QC","","T","SRM","SRM","IODI01-15-0036","IRM001A"
"7187938","16/03/2015 07:04:18 AM","16/03/2015 07:04:18 AM","T","IODI010493","Iodine","UG_P_100G","107","1","QC","","T","SRM","SRM","IODI01-15-0037","IRM001A"
"7200406","19/03/2015 07:18:42 AM","19/03/2015 07:18:42 AM","T","IODI010493","Iodine","UG_P_100G","125","1","QC","","T","SRM","SRM","IODI01-15-0038","IRM001A"
"7208990","21/03/2015 07:30:59 AM","21/03/2015 07:30:59 AM","T","IODI010493","Iodine","UG_P_100G","122","1","QC","","T","SRM","SRM","IODI01-15-0039","IRM001A"
"7221951","25/03/2015 12:22:38 PM","25/03/2015 12:22:38 PM","T","IODI010493","Iodine","UG_P_100G","107","1","QC","","T","SRM","SRM","IODI01-15-0040","IRM001A"
"7225893","26/03/2015 11:05:36 AM","26/03/2015 11:05:36 AM","T","IODI010493","Iodine","UG_P_100G","117","1","QC","","T","SRM","SRM","IODI01-15-0041","IRM001A"
"7229023","27/03/2015 08:34:13 AM","27/03/2015 08:34:13 AM","T","IODI010493","Iodine","UG_P_100G","114","1","QC","","T","SRM","SRM","IODI01-15-0042","IRM001A"
"7239052","31/03/2015 07:12:03 AM","31/03/2015 07:12:03 AM","T","IODI010493","Iodine","UG_P_100G","137","1","QC","","T","SRM","SRM","IODI01-15-0043","IRM001A"
"7252268","02/04/2015 02:54:33 PM","02/04/2015 02:54:33 PM","T","IODI010493","Iodine","UG_P_100G","120","1","QC","","T","SRM","SRM","IODI01-15-0044","IRM001A"
"7252301","02/04/2015 03:03:59 PM","02/04/2015 03:03:59 PM","T","IODI010493","Iodine","UG_P_100G","118","1","QC","","T","SRM","SRM","IODI01-15-0045","IRM001A"
"7258802","06/04/2015 02:00:02 PM","06/04/2015 02:00:02 PM","T","IODI010493","Iodine","UG_P_100G","104","1","QC","","T","SRM","SRM","IODI01-15-0046","IRM001A"
"7259007","06/04/2015 03:33:57 PM","06/04/2015 03:33:57 PM","T","IODI010493","Iodine","","","1","QC","","T","SRM","SRM","IODI01-15-0047","IRM001A"
"7267384","09/04/2015 08:17:02 AM","09/04/2015 08:17:02 AM","T","IODI010493","Iodine","UG_P_100G","121","1","QC","","T","SRM","SRM","IODI01-15-0048","IRM001A"
"7276077","10/04/2015 08:06:27 PM","10/04/2015 08:06:27 PM","T","IODI010493","Iodine","UG_P_100G","106","1","QC","","T","SRM","SRM","IODI01-15-0049","IRM001A"
"7279303","13/04/2015 08:01:30 AM","13/04/2015 08:01:30 AM","T","IODI010493","Iodine","UG_P_100G","135","1","QC","","T","SRM","SRM","IODI01-15-0050","IRM001A"
"7282682","14/04/2015 07:10:24 AM","14/04/2015 07:10:24 AM","T","IODI010493","Iodine","UG_P_100G","138","1","QC","","T","SRM","SRM","IODI01-15-0051","IRM001A"
"7293069","16/04/2015 07:43:38 AM","16/04/2015 07:43:38 AM","T","ICPM050214","Iodine","MG_P_KG","1.11","1","QC","","T","SRM","SRM","ICPM05-15-0001","IRM001A"
"7297845","17/04/2015 06:48:24 AM","17/04/2015 06:48:24 AM","T","IODI010493","Iodine","UG_P_100G","123","1","QC","","T","SRM","SRM","IODI01-15-0052","IRM001A"
"7303304","18/04/2015 12:30:25 PM","18/04/2015 12:30:25 PM","T","IODI010493","Iodine","UG_P_100G","126","1","QC","","T","SRM","SRM","IODI01-15-0053","IRM001A"
"7305486","20/04/2015 07:16:52 AM","20/04/2015 07:16:52 AM","T","IODI010493","Iodine","UG_P_100G","128","1","QC","","T","SRM","SRM","IODI01-15-0054","IRM001A"
"7315098","22/04/2015 11:00:23 AM","22/04/2015 11:00:23 AM","T","IODI010493","Iodine","UG_P_100G","125","1","QC","","T","SRM","SRM","IODI01-15-0055","IRM001A"
"7324286","24/04/2015 11:20:27 AM","24/04/2015 11:20:27 AM","T","IODI010493","Iodine","UG_P_100G","110","1","QC","","T","SRM","SRM","IODI01-15-0056","IRM001A"
"7324316","24/04/2015 11:23:39 AM","24/04/2015 11:23:39 AM","T","IODI010493","Iodine","UG_P_100G","121","1","QC","","T","SRM","SRM","IODI01-15-0057","IRM001A"
"7330565","27/04/2015 09:30:31 AM","27/04/2015 09:30:31 AM","T","IODI010493","Iodine","UG_P_100G","101","1","QC","","T","SRM","SRM","IODI01-15-0058","IRM001A"
"7334203","28/04/2015 09:30:37 AM","28/04/2015 09:30:37 AM","T","IODI010493","Iodine","UG_P_100G","134","1","QC","","T","SRM","SRM","IODI01-15-0059","IRM001A"
"7338086","29/04/2015 08:32:33 AM","29/04/2015 08:32:33 AM","T","IODI010493","Iodine","UG_P_100G","111","1","QC","","T","SRM","SRM","IODI01-15-0060","IRM001A"
"7342547","30/04/2015 08:42:02 AM","30/04/2015 08:42:02 AM","T","IODI010493","Iodine","UG_P_100G","136","1","QC","","T","SRM","SRM","IODI01-15-0061","IRM001A"
"7347019","01/05/2015 09:05:15 AM","01/05/2015 09:05:15 AM","T","IODI010493","Iodine","UG_P_100G","122","1","QC","","T","SRM","SRM","IODI01-15-0062","IRM001A"
"7354126","04/05/2015 08:40:13 AM","04/05/2015 08:40:13 AM","T","IODI010493","Iodine","UG_P_100G","134","1","QC","","T","SRM","SRM","IODI01-15-0063","IRM001A"
"7358487","05/05/2015 11:10:59 AM","05/05/2015 11:10:59 AM","T","IODI010493","Iodine","UG_P_100G","125","1","QC","","T","SRM","SRM","IODI01-15-0064","IRM001A"
"7364020","06/05/2015 02:57:59 PM","06/05/2015 02:57:59 PM","T","IODI010493","Iodine","UG_P_100G","101","1","QC","","T","SRM","SRM","IODI01-15-0065","IRM001A"
"7365811","07/05/2015 08:46:19 AM","07/05/2015 08:46:19 AM","T","IODI010493","Iodine","UG_P_100G","98","1","QC","","T","SRM","SRM","IODI01-15-0066","IRM001A"
"7372111","08/05/2015 02:24:09 PM","08/05/2015 02:24:09 PM","T","IODI010493","Iodine","UG_P_100G","119","1","QC","","T","SRM","SRM","IODI01-15-0067","IRM001A"
"7379716","11/05/2015 08:18:16 PM","11/05/2015 08:18:16 PM","T","IODI010493","Iodine","UG_P_100G","111","1","QC","","T","SRM","SRM","IODI01-15-0068","IRM001A"
"7381791","12/05/2015 12:06:58 PM","12/05/2015 12:06:58 PM","T","IODI010493","Iodine","UG_P_100G","112","1","QC","","T","SRM","SRM","IODI01-15-0069","IRM001A"
"7391945","14/05/2015 02:45:36 PM","14/05/2015 02:45:36 PM","T","IODI010493","Iodine","UG_P_100G","122","1","QC","","T","SRM","SRM","IODI01-15-0070","IRM001A"
"7395088","15/05/2015 11:29:26 AM","15/05/2015 11:29:26 AM","T","IODI010493","Iodine","UG_P_100G","129","1","QC","","T","SRM","SRM","IODI01-15-0071","IRM001A"
"7400752","18/05/2015 09:04:27 AM","18/05/2015 09:04:27 AM","T","IODI010493","Iodine","UG_P_100G","108","1","QC","","T","SRM","SRM","IODI01-15-0072","IRM001A"
"7404629","19/05/2015 09:22:03 AM","19/05/2015 09:22:03 AM","T","IODI010493","Iodine","UG_P_100G","124","1","QC","","T","SRM","SRM","IODI01-15-0073","IRM001A"
"7408359","20/05/2015 08:03:14 AM","20/05/2015 08:03:14 AM","T","ICPM050214","Iodine","MG_P_KG","1.24","1","QC","","T","SRM","SRM","ICPM05-15-0002","IRM001A"
"7410460","20/05/2015 01:26:49 PM","20/05/2015 01:26:49 PM","T","IODI010493","Iodine","UG_P_100G","131","1","QC","","T","SRM","SRM","IODI01-15-0074","IRM001A"
"7414768","21/05/2015 02:11:17 PM","21/05/2015 02:11:17 PM","T","IODI010493","Iodine","UG_P_100G","134","1","QC","","T","SRM","SRM","IODI01-15-0075","IRM001A"
"7419380","22/05/2015 02:19:44 PM","22/05/2015 02:19:44 PM","T","IODI010493","Iodine","UG_P_100G","116","1","QC","","T","SRM","SRM","IODI01-15-0077","IRM001A"
"7419397","22/05/2015 02:22:16 PM","22/05/2015 02:22:16 PM","T","IODI010493","Iodine","UG_P_100G","120","1","QC","","T","SRM","SRM","IODI01-15-0078","IRM001A"
"7423975","25/05/2015 10:14:41 AM","25/05/2015 10:14:41 AM","T","IODI010493","Iodine","UG_P_100G","120","1","QC","","T","SRM","SRM","IODI01-15-0079","IRM001A"
"7426294","26/05/2015 06:22:10 AM","26/05/2015 06:22:10 AM","T","ICPM050214","Iodine","MG_P_KG","1.17","1","QC","","T","SRM","SRM","ICPM05-15-0003","IRM001A"
"7427073","26/05/2015 09:34:08 AM","26/05/2015 09:34:08 AM","T","IODI010493","Iodine","UG_P_100G","117","1","QC","","T","SRM","SRM","IODI01-15-0080","IRM001A"
"7431188","27/05/2015 09:50:56 AM","27/05/2015 09:50:56 AM","T","IODI010493","Iodine","UG_P_100G","124","1","QC","","T","SRM","SRM","IODI01-15-0081","IRM001A"
"7435566","28/05/2015 10:37:26 AM","28/05/2015 10:37:26 AM","T","IODI010493","Iodine","UG_P_100G","139","1","QC","","T","SRM","SRM","IODI01-15-0082","IRM001A"
"7443507","31/05/2015 08:20:47 AM","31/05/2015 08:20:47 AM","T","IODI010493","Iodine","UG_P_100G","118","1","QC","","T","SRM","SRM","IODI01-15-0083","IRM001A"
"7444392","01/06/2015 06:30:11 AM","01/06/2015 06:30:11 AM","T","ICPM050214","Iodine","MG_P_KG","1.13","1","QC","","T","SRM","SRM","ICPM05-15-0004","IRM001A"
"7445035","01/06/2015 09:27:17 AM","01/06/2015 09:27:17 AM","T","IODI010493","Iodine","UG_P_100G","135","1","QC","","T","SRM","SRM","IODI01-15-0084","IRM001A"
"7448028","02/06/2015 09:56:09 AM","02/06/2015 09:56:09 AM","T","IODI010493","Iodine","UG_P_100G","88","1","QC","","F","SRM","SRM","IODI01-15-0085","IRM001A"
"7451418","03/06/2015 08:21:31 AM","03/06/2015 08:21:31 AM","T","ICPM050214","Iodine","MG_P_KG","1.22","1","QC","","T","SRM","SRM","ICPM05-15-0005","IRM001A"
"7451780","03/06/2015 09:24:52 AM","03/06/2015 09:24:52 AM","T","IODI010493","Iodine","UG_P_100G","92","1","QC","","F","SRM","SRM","IODI01-15-0086","IRM001A"
"7456018","04/06/2015 10:09:23 AM","04/06/2015 10:09:23 AM","T","IODI010493","Iodine","UG_P_100G","103","1","QC","","T","SRM","SRM","IODI01-15-0087","IRM001A"
"7463766","07/06/2015 01:06:28 PM","07/06/2015 01:06:28 PM","T","IODI010493","Iodine","UG_P_100G","134","1","QC","","T","SRM","SRM","IODI01-15-0088","IRM001A"
"7466284","09/06/2015 09:43:04 AM","09/06/2015 09:43:04 AM","T","ICPM050214","Iodine","UG_P_100G","127.154","1","QC","","T","SRM","SRM","ICPM05-15-0007","IRM001A"
"7467689","09/06/2015 02:05:35 PM","09/06/2015 02:05:35 PM","T","IODI010493","Iodine","UG_P_100G","117","1","QC","","T","SRM","SRM","IODI01-15-0089","IRM001A"
"7469828","10/06/2015 09:51:23 AM","10/06/2015 09:51:23 AM","T","IODI010493","Iodine","UG_P_100G","113","1","QC","","T","SRM","SRM","IODI01-15-0090","IRM001A"
"7482506","14/06/2015 08:52:04 AM","14/06/2015 08:52:04 AM","T","IODI010493","Iodine","UG_P_100G","138","1","QC","","T","SRM","SRM","IODI01-15-0091","IRM001A"
"7487098","16/06/2015 07:29:06 AM","16/06/2015 07:29:06 AM","T","ICPM050214","Iodine","UG_P_100G","117.118","1","QC","","T","SRM","SRM","ICPM05-15-0008","IRM001A"
"7488609","16/06/2015 12:08:24 PM","16/06/2015 12:08:24 PM","T","IODI010493","Iodine","UG_P_100G","145","1","QC","","F","SRM","SRM","IODI01-15-0092","IRM001A"
"7491537","17/06/2015 09:23:13 AM","17/06/2015 09:23:13 AM","T","IODI010493","Iodine","UG_P_100G","141","1","QC","","T","SRM","SRM","IODI01-15-0093","IRM001A"
"7495584","18/06/2015 09:34:00 AM","18/06/2015 09:34:00 AM","T","IODI010493","Iodine","UG_P_100G","135","1","QC","","T","SRM","SRM","IODI01-15-0094","IRM001A"
"7499822","19/06/2015 10:54:56 AM","19/06/2015 10:54:56 AM","T","IODI010493","Iodine","UG_P_100G","125","1","QC","","T","SRM","SRM","IODI01-15-0095","IRM001A"
"7505354","22/06/2015 08:21:21 AM","22/06/2015 08:21:21 AM","T","IODI010493","Iodine","UG_P_100G","123","1","QC","","T","SRM","SRM","IODI01-15-0096","IRM001A"
"7508487","23/06/2015 08:27:54 AM","23/06/2015 08:27:54 AM","T","IODI010493","Iodine","UG_P_100G","119","1","QC","","T","SRM","SRM","IODI01-15-0097","IRM001A"
"7512107","24/06/2015 07:58:46 AM","24/06/2015 07:58:46 AM","T","IODI010493","Iodine","UG_P_100G","135","1","QC","","T","SRM","SRM","IODI01-15-0098","IRM001A"
"7516549","25/06/2015 08:18:13 AM","25/06/2015 08:18:13 AM","T","IODI010493","Iodine","UG_P_100G","110","1","QC","","T","SRM","SRM","IODI01-15-0099","IRM001A"
"7517742","25/06/2015 10:56:52 AM","25/06/2015 10:56:52 AM","T","IODI010493","Iodine","UG_P_100G","129","1","QC","","T","SRM","SRM","IODI01-15-0100","IRM001A"
"7521102","26/06/2015 08:35:11 AM","26/06/2015 08:35:11 AM","T","IODI010493","Iodine","UG_P_100G","107","1","QC","","T","SRM","SRM","IODI01-15-0101","IRM001A"
"7526895","28/06/2015 08:08:48 AM","28/06/2015 08:08:48 AM","T","IODI010493","Iodine","UG_P_100G","136","1","QC","","T","SRM","SRM","IODI01-15-0102","IRM001A"
"7532217","30/06/2015 09:26:50 AM","30/06/2015 09:26:50 AM","T","IODI010493","Iodine","UG_P_100G","123","1","QC","","T","SRM","SRM","IODI01-15-0103","IRM001A"
"7536467","01/07/2015 11:03:20 AM","01/07/2015 11:03:20 AM","T","IODI010493","Iodine","UG_P_100G","140","1","QC","","T","SRM","SRM","IODI01-15-0104","IRM001A"
"7539388","02/07/2015 08:22:58 AM","02/07/2015 08:22:58 AM","T","IODI010493","Iodine","UG_P_100G","96","1","QC","","T","SRM","SRM","IODI01-15-0105","IRM001A"
"7546079","03/07/2015 02:42:15 PM","03/07/2015 02:42:15 PM","T","IODI010493","Iodine","UG_P_100G","130","1","QC","","T","SRM","SRM","IODI01-15-0106","IRM001A"
"7549398","05/07/2015 12:14:22 PM","05/07/2015 12:14:22 PM","T","IODI010493","Iodine","UG_P_100G","129","1","QC","","T","SRM","SRM","IODI01-15-0107","IRM001A"
"7554154","07/07/2015 11:39:41 AM","07/07/2015 11:39:41 AM","T","IODI010493","Iodine","UG_P_100G","136","1","QC","","T","SRM","SRM","IODI01-15-0108","IRM001A"
"7558362","08/07/2015 12:56:06 PM","08/07/2015 12:56:06 PM","T","IODI010493","Iodine","UG_P_100G","101","1","QC","","T","SRM","SRM","IODI01-15-0109","IRM001A"
"7561258","09/07/2015 10:34:54 AM","09/07/2015 10:34:54 AM","T","IODI010493","Iodine","UG_P_100G","129","1","QC","","T","SRM","SRM","IODI01-15-0110","IRM001A"
"7564998","10/07/2015 10:42:41 AM","10/07/2015 10:42:41 AM","T","IODI010493","Iodine","UG_P_100G","133","1","QC","","T","SRM","SRM","IODI01-15-0111","IRM001A"
"7568618","12/07/2015 09:09:49 AM","12/07/2015 09:09:49 AM","T","IODI010493","Iodine","UG_P_100G","108","1","QC","","T","SRM","SRM","IODI01-15-0112","IRM001A"
"7575191","14/07/2015 03:30:17 PM","14/07/2015 03:30:17 PM","T","IODI010493","Iodine","UG_P_100G","124","1","QC","","T","SRM","SRM","IODI01-15-0114","IRM001A"
"7581955","16/07/2015 12:26:03 PM","16/07/2015 12:26:03 PM","T","IODI010493","Iodine","UG_P_100G","123","1","QC","","T","SRM","SRM","IODI01-15-0115","IRM001A"
"7585033","17/07/2015 10:49:35 AM","17/07/2015 10:49:35 AM","T","ICPM050214","Iodine","UG_P_100G","132.899","1","QC","","T","SRM","SRM","ICPM05-15-0009","IRM001A"
"7589519","20/07/2015 07:05:46 AM","20/07/2015 07:05:46 AM","T","IODI010493","Iodine","UG_P_100G","115","1","QC","","T","SRM","SRM","IODI01-15-0116","IRM001A"
"7592765","21/07/2015 07:39:06 AM","21/07/2015 07:39:06 AM","T","IODI010493","Iodine","UG_P_100G","119","1","QC","","T","SRM","SRM","IODI01-15-0117","IRM001A"
"7598018","22/07/2015 11:30:01 AM","22/07/2015 11:30:01 AM","T","IODI010493","Iodine","UG_P_100G","115","1","QC","","T","SRM","SRM","IODI01-15-0118","IRM001A"
"7600503","23/07/2015 08:32:34 AM","23/07/2015 08:32:34 AM","T","ICPM050214","Iodine","UG_P_100G","127.905","1","QC","","T","SRM","SRM","ICPM05-15-0015","IRM001A"
"7609834","26/07/2015 11:23:02 AM","26/07/2015 11:23:02 AM","T","IODI010493","Iodine","UG_P_100G","128","1","QC","","T","SRM","SRM","IODI01-15-0119","IRM001A"
"7618399","29/07/2015 07:23:20 AM","29/07/2015 07:23:20 AM","T","ICPM050214","Iodine","UG_P_100G","127.696","1","QC","","T","SRM","SRM","ICPM05-15-0016","IRM001A"
"7618524","29/07/2015 08:01:16 AM","29/07/2015 08:01:16 AM","T","IODI010493","Iodine","UG_P_100G","123","1","QC","","T","SRM","SRM","IODI01-15-0120","IRM001A"
"7628309","31/07/2015 11:52:31 AM","31/07/2015 11:52:31 AM","T","IODI010493","Iodine","UG_P_100G","121","1","QC","","T","SRM","SRM","IODI01-15-0121","IRM001A"
"7632245","02/08/2015 08:31:26 AM","02/08/2015 08:31:26 AM","T","IODI010493","Iodine","UG_P_100G","118","1","QC","","T","SRM","SRM","IODI01-15-0122","IRM001A"
"7633203","03/08/2015 07:55:41 AM","03/08/2015 07:55:41 AM","T","ICPM050214","Iodine","UG_P_100G","125.487","1","QC","","T","SRM","SRM","ICPM05-15-0017","IRM001A"
"7637570","04/08/2015 10:47:28 AM","04/08/2015 10:47:28 AM","T","IODI010493","Iodine","UG_P_100G","143","1","QC","","F","SRM","SRM","IODI01-15-0123","IRM001A"
"7644113","06/08/2015 07:30:32 AM","06/08/2015 07:30:32 AM","T","ICPM050214","Iodine","UG_P_100G","125.047","1","QC","","T","SRM","SRM","ICPM05-15-0018","IRM001A"
"7645521","06/08/2015 11:32:01 AM","06/08/2015 11:32:01 AM","T","IODI010493","Iodine","UG_P_100G","131","1","QC","","T","SRM","SRM","IODI01-15-0124","IRM001A"
"7649518","07/08/2015 11:34:43 AM","07/08/2015 11:34:43 AM","T","IODI010493","Iodine","UG_P_100G","108","1","QC","","T","SRM","SRM","IODI01-15-0125","IRM001A"
"7654248","09/08/2015 08:14:33 AM","09/08/2015 08:14:33 AM","T","IODI010493","Iodine","UG_P_100G","106","1","QC","","T","SRM","SRM","IODI01-15-0126","IRM001A"
"7657218","10/08/2015 12:22:17 PM","10/08/2015 12:22:17 PM","T","IODI010493","Iodine","UG_P_100G","132","1","QC","","T","SRM","SRM","IODI01-15-0127","IRM001A"
"7663949","12/08/2015 11:43:37 AM","12/08/2015 11:43:37 AM","T","IODI010493","Iodine","UG_P_100G","108","1","QC","","T","SRM","SRM","IODI01-15-0129","IRM001A"
"7671319","14/08/2015 07:28:58 AM","14/08/2015 07:28:58 AM","T","ICPM050214","Iodine","UG_P_100G","124.418","1","QC","","T","SRM","SRM","ICPM05-15-0019","IRM001A"
"7678256","17/08/2015 06:52:43 AM","17/08/2015 06:52:43 AM","T","IODI010493","Iodine","UG_P_100G","128","1","QC","","T","SRM","SRM","IODI01-15-0130","IRM001A"
"7681522","18/08/2015 07:02:00 AM","18/08/2015 07:02:00 AM","T","IODI010493","Iodine","UG_P_100G","135","1","QC","","T","SRM","SRM","IODI01-15-0131","IRM001A"
"7685481","19/08/2015 06:35:18 AM","19/08/2015 06:35:18 AM","T","IODI010493","Iodine","UG_P_100G","109","1","QC","","T","SRM","SRM","IODI01-15-0132","IRM001A"
"7689153","19/08/2015 05:23:04 PM","19/08/2015 05:23:04 PM","T","IODI010493","Iodine","UG_P_100G","97","1","QC","","T","SRM","SRM","IODI01-15-0133","IRM001A"
"7689872","20/08/2015 07:09:43 AM","20/08/2015 07:09:43 AM","T","IODI010493","Iodine","UG_P_100G","117","1","QC","","T","SRM","SRM","IODI01-15-0134","IRM001A"
"7694005","21/08/2015 06:19:36 AM","21/08/2015 06:19:36 AM","T","IODI010493","Iodine","UG_P_100G","115","1","QC","","T","SRM","SRM","IODI01-15-0135","IRM001A"
"7700256","23/08/2015 08:32:17 AM","23/08/2015 08:32:17 AM","T","IODI010493","Iodine","UG_P_100G","135","1","QC","","T","SRM","SRM","IODI01-15-0136","IRM001A"
"7701676","24/08/2015 08:05:08 AM","24/08/2015 08:05:08 AM","T","ICPM050214","Iodine","UG_P_100G","119.488","1","QC","","T","SRM","SRM","ICPM05-15-0021","IRM001A"
"7705106","25/08/2015 08:31:33 AM","25/08/2015 08:31:33 AM","T","IODI010493","Iodine","UG_P_100G","115","1","QC","","T","SRM","SRM","IODI01-15-0137","IRM001A"
"7713129","27/08/2015 06:47:43 AM","27/08/2015 06:47:43 AM","T","IODI010493","Iodine","UG_P_100G","120","1","QC","","T","SRM","SRM","IODI01-15-0138","IRM001A"
"7723622","30/08/2015 08:27:46 AM","30/08/2015 08:27:46 AM","T","IODI010493","Iodine","UG_P_100G","117","1","QC","","T","SRM","SRM","IODI01-15-0139","IRM001A"
"7725223","31/08/2015 07:59:36 AM","31/08/2015 07:59:36 AM","T","IODI010493","Iodine","UG_P_100G","105","1","QC","","T","SRM","SRM","IODI01-15-0140","IRM001A"
"7725544","31/08/2015 09:13:14 AM","31/08/2015 09:13:14 AM","T","ICPM050214","Iodine","UG_P_100G","118.092","1","QC","","T","SRM","SRM","ICPM05-15-0022","IRM001A"
"7728270","01/09/2015 06:36:13 AM","01/09/2015 06:36:13 AM","T","IODI010493","Iodine","UG_P_100G","118","1","QC","","T","SRM","SRM","IODI01-15-0141","IRM001A"
"7733446","02/09/2015 09:21:44 AM","02/09/2015 09:21:44 AM","T","IODI010493","Iodine","UG_P_100G","111","1","QC","","T","SRM","SRM","IODI01-15-0142","IRM001A"
"7736927","03/09/2015 06:38:41 AM","03/09/2015 06:38:41 AM","T","IODI010493","Iodine","UG_P_100G","118","1","QC","","T","SRM","SRM","IODI01-15-0143","IRM001A"
"7739992","03/09/2015 03:15:49 PM","03/09/2015 03:15:49 PM","T","ICPM050214","Iodine","UG_P_100G","117.102","1","QC","","T","SRM","SRM","ICPM05-15-0023","IRM001A"
"7741882","04/09/2015 09:02:51 AM","04/09/2015 09:02:51 AM","T","IODI010493","Iodine","UG_P_100G","129","1","QC","","T","SRM","SRM","IODI01-15-0144","IRM001A"
"7749156","07/09/2015 07:48:54 AM","07/09/2015 07:48:54 AM","T","ICPM050214","Iodine","UG_P_100G","128.557","1","QC","","T","SRM","SRM","ICPM05-15-0024","IRM001A"
"7749541","07/09/2015 09:06:16 AM","07/09/2015 09:06:16 AM","T","IODI010493","Iodine","UG_P_100G","116","1","QC","","T","SRM","SRM","IODI01-15-0145","IRM001A"
"7753436","08/09/2015 09:58:56 AM","08/09/2015 09:58:56 AM","T","IODI010493","Iodine","UG_P_100G","129","1","QC","","T","SRM","SRM","IODI01-15-0146","IRM001A"
"7766396","11/09/2015 11:15:03 AM","11/09/2015 11:15:03 AM","T","IODI010493","Iodine","UG_P_100G","137","1","QC","","T","SRM","SRM","IODI01-15-0147","IRM001A"
"7773205","14/09/2015 09:35:06 AM","14/09/2015 09:35:06 AM","T","ICPM050214","Iodine","UG_P_100G","119.552","1","QC","","T","SRM","SRM","ICPM05-15-0025","IRM001A"
"7773496","14/09/2015 10:05:49 AM","14/09/2015 10:05:49 AM","T","IODI010493","Iodine","UG_P_100G","130","1","QC","","T","SRM","SRM","IODI01-15-0148","IRM001A"
"7778598","15/09/2015 01:19:52 PM","15/09/2015 01:19:52 PM","T","IODI010493","Iodine","UG_P_100G","155","1","QC","","F","SRM","SRM","IODI01-15-0149","IRM001A"
"7782969","16/09/2015 01:58:49 PM","16/09/2015 01:58:49 PM","T","IODI010493","Iodine","UG_P_100G","139","1","QC","","T","SRM","SRM","IODI01-15-0150","IRM001A"
"7788213","17/09/2015 03:39:06 PM","17/09/2015 03:39:06 PM","T","IODI010493","Iodine","UG_P_100G","199","1","QC","","F","SRM","SRM","IODI01-15-0152","IRM001A"
"7792820","18/09/2015 02:33:38 PM","18/09/2015 02:33:38 PM","T","IODI010493","Iodine","UG_P_100G","118","1","QC","","T","SRM","SRM","IODI01-15-0154","IRM001A"
"7798898","21/09/2015 10:15:50 AM","21/09/2015 10:15:50 AM","T","IODI010493","Iodine","UG_P_100G","110","1","QC","","T","SRM","SRM","IODI01-15-0155","IRM001A"
"7801610","22/09/2015 06:28:43 AM","22/09/2015 06:28:43 AM","T","IODI010493","Iodine","UG_P_100G","116","1","QC","","T","SRM","SRM","IODI01-15-0156","IRM001A"
"7802526","22/09/2015 09:53:14 AM","22/09/2015 09:53:14 AM","T","ICPM050214","Iodine","UG_P_100G","123.194","1","QC","","T","SRM","SRM","ICPM05-15-0034","IRM001A"
"7806167","23/09/2015 06:58:33 AM","23/09/2015 06:58:33 AM","T","IODI010493","Iodine","UG_P_100G","117","1","QC","","T","SRM","SRM","IODI01-15-0157","IRM001A"
"7809133","23/09/2015 03:20:12 PM","23/09/2015 03:20:12 PM","T","IODI010493","Iodine","UG_P_100G","128","1","QC","","T","SRM","SRM","IODI01-15-0158","IRM001A"
"7812066","24/09/2015 10:56:52 AM","24/09/2015 10:56:52 AM","T","ICPM050214","Iodine","UG_P_100G","115.969","1","QC","","T","SRM","SRM","ICPM05-15-0035","IRM001A"
"7815282","25/09/2015 07:59:56 AM","25/09/2015 07:59:56 AM","T","ICPM050214","Iodine","UG_P_100G","121.769","1","QC","","T","SRM","SRM","ICPM05-15-0036","IRM001A"
"7815742","25/09/2015 09:14:53 AM","25/09/2015 09:14:53 AM","T","IODI010493","Iodine","UG_P_100G","121","1","QC","","T","SRM","SRM","IODI01-15-0159","IRM001A"
"7816688","25/09/2015 11:04:45 AM","25/09/2015 11:04:45 AM","T","ICPM050214","Iodine","UG_P_100G","118.197","1","QC","","T","SRM","SRM","ICPM05-15-0037","IRM001A"
"7819459","26/09/2015 10:09:34 AM","26/09/2015 10:09:34 AM","T","ICPM050214","Iodine","","","1","QC","","T","SRM","SRM","ICPM05-15-0038","IRM001A"
"7820982","27/09/2015 08:57:08 AM","27/09/2015 08:57:08 AM","T","IODI010493","Iodine","UG_P_100G","108","1","QC","","T","SRM","SRM","IODI01-15-0160","IRM001A"
"7822543","28/09/2015 06:42:57 AM","28/09/2015 06:42:57 AM","T","IODI010493","Iodine","UG_P_100G","140","1","QC","","T","SRM","SRM","IODI01-15-0161","IRM001A"
"7822682","28/09/2015 07:37:05 AM","28/09/2015 07:37:05 AM","T","ICPM050214","Iodine","UG_P_100G","132.84","1","QC","","T","SRM","SRM","ICPM05-15-0039","IRM001A"
"7826252","29/09/2015 06:38:14 AM","29/09/2015 06:38:14 AM","T","IODI010493","Iodine","UG_P_100G","126","1","QC","","T","SRM","SRM","IODI01-15-0162","IRM001A"
"7830614","30/09/2015 06:33:31 AM","30/09/2015 06:33:31 AM","T","IODI010493","Iodine","UG_P_100G","119","1","QC","","T","SRM","SRM","IODI01-15-0163","IRM001A"
"7834885","01/10/2015 07:23:47 AM","01/10/2015 07:23:47 AM","T","IODI010493","Iodine","UG_P_100G","115","1","QC","","T","SRM","SRM","IODI01-15-0164","IRM001A"
"7841804","03/10/2015 07:33:43 AM","03/10/2015 07:33:43 AM","T","IODI010493","Iodine","UG_P_100G","123","1","QC","","T","SRM","SRM","IODI01-15-0165","IRM001A"
"7844698","04/10/2015 02:58:52 PM","04/10/2015 02:58:52 PM","T","IODI010493","Iodine","UG_P_100G","121","1","QC","","T","SRM","SRM","IODI01-15-0166","IRM001A"
"7845636","05/10/2015 07:44:51 AM","05/10/2015 07:44:51 AM","T","ICPM050214","Iodine","UG_P_100G","127.945","1","QC","","T","SRM","SRM","ICPM05-15-0040","IRM001A"
"7850657","06/10/2015 11:52:51 AM","06/10/2015 11:52:51 AM","T","IODI010493","Iodine","UG_P_100G","125","1","QC","","T","SRM","SRM","IODI01-15-0167","IRM001A"
"7853265","07/10/2015 07:17:37 AM","07/10/2015 07:17:37 AM","T","ICPM050214","Iodine","UG_P_100G","128.022","1","QC","","T","SRM","SRM","ICPM05-15-0041","IRM001A"
"7855074","07/10/2015 11:43:33 AM","07/10/2015 11:43:33 AM","T","IODI010493","Iodine","UG_P_100G","138","1","QC","","T","SRM","SRM","IODI01-15-0168","IRM001A"
"7857965","08/10/2015 09:03:34 AM","08/10/2015 09:03:34 AM","T","IODI010493","Iodine","UG_P_100G","127","1","QC","","T","SRM","SRM","IODI01-15-0169","IRM001A"
"7870911","12/10/2015 06:26:09 AM","12/10/2015 06:26:09 AM","T","IODI010493","Iodine","UG_P_100G","116","1","QC","","T","SRM","SRM","IODI01-15-0170","IRM001A"
"7871363","12/10/2015 08:44:01 AM","12/10/2015 08:44:01 AM","T","IODI010493","Iodine","UG_P_100G","134","1","QC","","T","SRM","SRM","IODI01-15-0171","IRM001A"
"7872124","12/10/2015 11:00:15 AM","12/10/2015 11:00:15 AM","T","ICPM050214","Iodine","UG_P_100G","124.701","1","QC","","T","SRM","SRM","ICPM05-15-0042","IRM001A"
"7877894","13/10/2015 02:35:59 PM","13/10/2015 02:35:59 PM","T","IODI010493","Iodine","UG_P_100G","130","1","QC","","T","SRM","SRM","IODI01-15-0172","IRM001A"
"7879705","14/10/2015 07:27:58 AM","14/10/2015 07:27:58 AM","T","ICPM050214","Iodine","UG_P_100G","129.348","1","QC","","T","SRM","SRM","ICPM05-15-0043","IRM001A"
"7880542","14/10/2015 10:01:11 AM","14/10/2015 10:01:11 AM","T","IODI010493","Iodine","UG_P_100G","111","1","QC","","T","SRM","SRM","IODI01-15-0173","IRM001A"
"7896963","19/10/2015 08:59:17 AM","19/10/2015 08:59:17 AM","T","IODI010493","Iodine","UG_P_100G","110","1","QC","","T","SRM","SRM","IODI01-15-0174","IRM001A"
"7899977","20/10/2015 07:19:31 AM","20/10/2015 07:19:31 AM","T","IODI010493","Iodine","UG_P_100G","105","1","QC","","T","SRM","SRM","IODI01-15-0175","IRM001A"
"7904520","21/10/2015 06:36:33 AM","21/10/2015 06:36:33 AM","T","IODI010493","Iodine","UG_P_100G","133","1","QC","","T","SRM","SRM","IODI01-15-0176","IRM001A"
"7909098","22/10/2015 07:33:48 AM","22/10/2015 07:33:48 AM","T","ICPM050214","Iodine","UG_P_100G","127.582","1","QC","","T","SRM","SRM","ICPM05-15-0044","IRM001A"
"7909407","22/10/2015 08:33:17 AM","22/10/2015 08:33:17 AM","T","IODI010493","Iodine","UG_P_100G","141","1","QC","","T","SRM","SRM","IODI01-15-0177","IRM001A"
"7922314","26/10/2015 08:03:40 AM","26/10/2015 08:03:40 AM","T","IODI010493","Iodine","UG_P_100G","103","1","QC","","T","SRM","SRM","IODI01-15-0178","IRM001A"
"7926142","27/10/2015 07:12:32 AM","27/10/2015 07:12:32 AM","T","IODI010493","Iodine","UG_P_100G","125","1","QC","","T","SRM","SRM","IODI01-15-0179","IRM001A"
"7930667","28/10/2015 06:34:01 AM","28/10/2015 06:34:01 AM","T","IODI010493","Iodine","UG_P_100G","110","1","QC","","T","SRM","SRM","IODI01-15-0180","IRM001A"
"7935571","29/10/2015 07:47:05 AM","29/10/2015 07:47:05 AM","T","ICPM050214","Iodine","UG_P_100G","117.977","1","QC","","T","SRM","SRM","ICPM05-15-0045","IRM001A"
"7935691","29/10/2015 08:22:17 AM","29/10/2015 08:22:17 AM","T","IODI010493","Iodine","UG_P_100G","103","1","QC","","T","SRM","SRM","IODI01-15-0181","IRM001A"
"7939863","30/10/2015 06:29:32 AM","30/10/2015 06:29:32 AM","T","IODI010493","Iodine","UG_P_100G","97","1","QC","","T","SRM","SRM","IODI01-15-0182","IRM001A"
"7946500","31/10/2015 02:39:42 PM","31/10/2015 02:39:42 PM","T","IODI010493","Iodine","UG_P_100G","130","1","QC","","T","SRM","SRM","IODI01-15-0184","IRM001A"
"7949075","02/11/2015 07:44:39 AM","02/11/2015 07:44:39 AM","T","IODI010493","Iodine","UG_P_100G","122","1","QC","","T","SRM","SRM","IODI01-15-0185","IRM001A"
"7955245","04/11/2015 07:13:40 AM","04/11/2015 07:13:40 AM","T","IODI010493","Iodine","UG_P_100G","126","1","QC","","T","SRM","SRM","IODI01-15-0186","IRM001A"
"7955287","04/11/2015 07:32:59 AM","04/11/2015 07:32:59 AM","T","ICPM050214","Iodine","UG_P_100G","132.534","1","QC","","T","SRM","SRM","ICPM05-15-0046","IRM001A"
"7963394","05/11/2015 03:13:20 PM","05/11/2015 03:13:20 PM","T","IODI010493","Iodine","UG_P_100G","118","1","QC","","T","SRM","SRM","IODI01-15-0187","IRM001A"
"7966823","06/11/2015 01:17:11 PM","06/11/2015 01:17:11 PM","T","IODI010493","Iodine","UG_P_100G","115","1","QC","","T","SRM","SRM","IODI01-15-0188","IRM001A"
"7972220","09/11/2015 07:41:54 AM","09/11/2015 07:41:54 AM","T","ICPM050214","Iodine","UG_P_100G","125.681","1","QC","","T","SRM","SRM","ICPM05-15-0047","IRM001A"
"7973845","09/11/2015 12:33:23 PM","09/11/2015 12:33:23 PM","T","IODI010493","Iodine","UG_P_100G","113","1","QC","","T","SRM","SRM","IODI01-15-0189","IRM001A"
"7976270","10/11/2015 08:16:31 AM","10/11/2015 08:16:31 AM","T","IODI010493","Iodine","UG_P_100G","99","1","QC","","T","SRM","SRM","IODI01-15-0190","IRM001A"
"7981368","11/11/2015 09:59:43 AM","11/11/2015 09:59:43 AM","T","IODI010493","Iodine","UG_P_100G","114","1","QC","","T","SRM","SRM","IODI01-15-0191","IRM001A"
"7987695","12/11/2015 01:36:49 PM","12/11/2015 01:36:49 PM","T","ICPM050214","Iodine","UG_P_100G","123.222","1","QC","","T","SRM","SRM","ICPM05-15-0048","IRM001A"
"7999904","16/11/2015 10:14:27 AM","16/11/2015 10:14:27 AM","T","IODI010493","Iodine","UG_P_100G","105","1","QC","","T","SRM","SRM","IODI01-15-0194","IRM001A"
"8003596","17/11/2015 09:27:13 AM","17/11/2015 09:27:13 AM","T","IODI010493","Iodine","UG_P_100G","122","1","QC","","T","SRM","SRM","IODI01-15-0195","IRM001A"
"8007416","17/11/2015 05:48:15 PM","17/11/2015 05:48:15 PM","T","ICPM050214","Iodine","UG_P_100G","123.085","1","QC","","T","SRM","SRM","ICPM05-15-0049","IRM001A"
"8013829","19/11/2015 08:45:29 AM","19/11/2015 08:45:29 AM","T","IODI010493","Iodine","UG_P_100G","107","1","QC","","T","SRM","SRM","IODI01-15-0196","IRM001A"
"8026996","23/11/2015 08:27:01 AM","23/11/2015 08:27:01 AM","T","IODI010493","Iodine","UG_P_100G","132","1","QC","","T","SRM","SRM","IODI01-15-0197","IRM001A"
"8031957","24/11/2015 10:50:50 AM","24/11/2015 10:50:50 AM","T","IODI010493","Iodine","UG_P_100G","130","1","QC","","T","SRM","SRM","IODI01-15-0198","IRM001A"
"8035330","24/11/2015 07:52:29 PM","24/11/2015 07:52:29 PM","T","ICPM050214","Iodine","UG_P_100G","122.607","1","QC","","T","SRM","SRM","ICPM05-15-0050","IRM001A"
"8038050","25/11/2015 01:00:56 PM","25/11/2015 01:00:56 PM","T","IODI010493","Iodine","UG_P_100G","130","1","QC","","T","SRM","SRM","IODI01-15-0199","IRM001A"
"8045364","27/11/2015 07:41:39 AM","27/11/2015 07:41:39 AM","T","ICPM050214","Iodine","UG_P_100G","130.029","1","QC","","T","SRM","SRM","ICPM05-15-0051","IRM001A"
"8048552","27/11/2015 03:13:14 PM","27/11/2015 03:13:14 PM","T","IODI010493","Iodine","UG_P_100G","127","1","QC","","T","SRM","SRM","IODI01-15-0200","IRM001A"
"8054390","30/11/2015 10:50:55 AM","30/11/2015 10:50:55 AM","T","IODI010493","Iodine","UG_P_100G","137","1","QC","","T","SRM","SRM","IODI01-15-0201","IRM001A"
"8060551","01/12/2015 03:53:02 PM","01/12/2015 03:53:02 PM","T","ICPM050214","Iodine","UG_P_100G","117.512","1","QC","","T","SRM","SRM","ICPM05-15-0052","IRM001A"
"8062257","02/12/2015 07:29:31 AM","02/12/2015 07:29:31 AM","T","ICPM050214","Iodine","UG_P_100G","117.034","1","QC","","T","SRM","SRM","ICPM05-15-0053","IRM001A"
"8062583","02/12/2015 08:19:19 AM","02/12/2015 08:19:19 AM","T","IODI010493","Iodine","UG_P_100G","115","1","QC","","T","SRM","SRM","IODI01-15-0202","IRM001A"
"8068990","03/12/2015 12:04:01 PM","03/12/2015 12:04:01 PM","T","IODI010493","Iodine","UG_P_100G","108","1","QC","","T","SRM","SRM","IODI01-15-0203","IRM001A"
"8079936","07/12/2015 07:31:24 AM","07/12/2015 07:31:24 AM","T","ICPM050214","Iodine","UG_P_100G","126.238","1","QC","","T","SRM","SRM","ICPM05-15-0054","IRM001A"
"8083157","07/12/2015 05:01:08 PM","07/12/2015 05:01:08 PM","T","IODI010493","Iodine","UG_P_100G","99","1","QC","","T","SRM","SRM","IODI01-15-0204","IRM001A"
"8090147","09/12/2015 11:06:32 AM","09/12/2015 11:06:32 AM","T","IODI010493","Iodine","UG_P_100G","126","1","QC","","T","SRM","SRM","IODI01-15-0205","IRM001A"
"8090930","09/12/2015 12:33:22 PM","09/12/2015 12:33:22 PM","T","ICPM050214","Iodine","UG_P_100G","118.659","1","QC","","T","SRM","SRM","ICPM05-15-0055","IRM001A"
"8100017","11/12/2015 11:25:53 AM","11/12/2015 11:25:53 AM","T","IODI010493","Iodine","UG_P_100G","109","1","QC","","T","SRM","SRM","IODI01-15-0206","IRM001A"
"8107083","14/12/2015 07:35:18 AM","14/12/2015 07:35:18 AM","T","ICPM050214","Iodine","UG_P_100G","128.752","1","QC","","T","SRM","SRM","ICPM05-15-0056","IRM001A"
"8107284","14/12/2015 08:32:07 AM","14/12/2015 08:32:07 AM","T","IODI010493","Iodine","UG_P_100G","110","1","QC","","T","SRM","SRM","IODI01-15-0207","IRM001A"
"8113000","15/12/2015 11:39:30 AM","15/12/2015 11:39:30 AM","T","IODI010493","Iodine","UG_P_100G","107","1","QC","","T","SRM","SRM","IODI01-15-0208","IRM001A"
"8117004","16/12/2015 09:44:35 AM","16/12/2015 09:44:35 AM","T","IODI010493","Iodine","UG_P_100G","109","1","QC","","T","SRM","SRM","IODI01-15-0209","IRM001A"
"8123289","17/12/2015 11:41:51 AM","17/12/2015 11:41:51 AM","T","IODI010493","Iodine","UG_P_100G","112","1","QC","","T","SRM","SRM","IODI01-15-0210","IRM001A"
"8123310","17/12/2015 11:46:30 AM","17/12/2015 11:46:30 AM","T","IODI010493","Iodine","UG_P_100G","130","1","QC","","T","SRM","SRM","IODI01-15-0211","IRM001A"
"8133909","21/12/2015 07:22:08 AM","21/12/2015 07:22:08 AM","T","ICPM050214","Iodine","UG_P_100G","130.521","1","QC","","T","SRM","SRM","ICPM05-15-0057","IRM001A"
"8137018","21/12/2015 03:35:36 PM","21/12/2015 03:35:36 PM","T","IODI010493","Iodine","UG_P_100G","115","1","QC","","T","SRM","SRM","IODI01-15-0213","IRM001A"
"8138235","22/12/2015 08:24:39 AM","22/12/2015 08:24:39 AM","T","IODI010493","Iodine","UG_P_100G","107","1","QC","","T","SRM","SRM","IODI01-15-0214","IRM001A"
"8147163","23/12/2015 05:10:26 PM","23/12/2015 05:10:26 PM","T","IODI010493","Iodine","UG_P_100G","102","1","QC","","T","SRM","SRM","IODI01-15-0215","IRM001A"
"8147248","23/12/2015 05:24:32 PM","23/12/2015 05:24:32 PM","T","ICPM050214","Iodine","UG_P_100G","120.36","1","QC","","T","SRM","SRM","ICPM05-15-0058","IRM001A"
"8149432","24/12/2015 10:20:28 AM","24/12/2015 10:20:28 AM","T","IODI010493","Iodine","UG_P_100G","125","1","QC","","T","SRM","SRM","IODI01-15-0216","IRM001A"
"8158274","29/12/2015 08:25:49 AM","29/12/2015 08:25:49 AM","T","ICPM050214","Iodine","UG_P_100G","126.69","1","QC","","T","SRM","SRM","ICPM05-15-0059","IRM001A"
"8163808","30/12/2015 04:00:35 PM","30/12/2015 04:00:35 PM","T","IODI010493","Iodine","UG_P_100G","111","1","QC","","T","SRM","SRM","IODI01-15-0217","IRM001A"
"8174065","04/01/2016 04:17:02 PM","04/01/2016 04:17:02 PM","T","ICPM050214","Iodine","UG_P_100G","127.928","1","QC","","T","SRM","SRM","ICPM05-16-0001","IRM001A"
"8175211","05/01/2016 08:18:43 AM","05/01/2016 08:18:43 AM","T","IODI010493","Iodine","UG_P_100G","125","1","QC","","T","SRM","SRM","IODI01-16-0002","IRM001A"
"8180119","06/01/2016 09:54:46 AM","06/01/2016 09:54:46 AM","T","IODI010493","Iodine","UG_P_100G","126","1","QC","","T","SRM","SRM","IODI01-16-0003","IRM001A"
"8181224","06/01/2016 12:14:11 PM","06/01/2016 12:14:11 PM","T","IODI010493","Iodine","UG_P_100G","123","1","QC","","T","SRM","SRM","IODI01-16-0004","IRM001A"
"8186794","07/01/2016 03:17:47 PM","07/01/2016 03:17:47 PM","T","ICPM050214","Iodine","UG_P_100G","125.286","1","QC","","T","SRM","SRM","ICPM05-16-0002","IRM001A"
"8191690","08/01/2016 06:56:07 PM","08/01/2016 06:56:07 PM","T","IODI010493","Iodine","UG_P_100G","116","1","QC","","T","SRM","SRM","IODI01-16-0005","IRM001A"
"8196922","11/01/2016 11:35:49 AM","11/01/2016 11:35:49 AM","T","IODI010493","Iodine","UG_P_100G","106","1","QC","","T","SRM","SRM","IODI01-16-0006","IRM001A"
"8197567","11/01/2016 01:40:37 PM","11/01/2016 01:40:37 PM","T","ICPM050214","Iodine","UG_P_100G","126.385","1","QC","","T","SRM","SRM","ICPM05-16-0003","IRM001A"
"8205389","13/01/2016 12:24:45 PM","13/01/2016 12:24:45 PM","T","ICPM050214","Iodine","UG_P_100G","128.145","1","QC","","T","SRM","SRM","ICPM05-16-0004","IRM001A"
"8208205","14/01/2016 08:13:52 AM","14/01/2016 08:13:52 AM","T","IODI010493","Iodine","UG_P_100G","119","1","QC","","T","SRM","SRM","IODI01-16-0007","IRM001A"
"8221951","18/01/2016 11:19:06 AM","18/01/2016 11:19:06 AM","T","IODI010493","Iodine","UG_P_100G","126","1","QC","","T","SRM","SRM","IODI01-16-0008","IRM001A"
"8227372","19/01/2016 01:43:14 PM","19/01/2016 01:43:14 PM","T","IODI010493","Iodine","UG_P_100G","98","1","QC","","T","SRM","SRM","IODI01-16-0009","IRM001A"
"8230287","20/01/2016 09:45:07 AM","20/01/2016 09:45:07 AM","T","IODI010493","Iodine","UG_P_100G","122","1","QC","","T","SRM","SRM","IODI01-16-0010","IRM001A"
"8233736","20/01/2016 05:51:52 PM","20/01/2016 05:51:52 PM","T","ICPM050214","Iodine","UG_P_100G","128.652","1","QC","","T","SRM","SRM","ICPM05-16-0005","IRM001A"
"8239687","22/01/2016 08:38:49 AM","22/01/2016 08:38:49 AM","T","IODI010493","Iodine","UG_P_100G","116","1","QC","","T","SRM","SRM","IODI01-16-0011","IRM001A"
"8239704","22/01/2016 08:43:03 AM","22/01/2016 08:43:03 AM","T","ICPM050214","Iodine","UG_P_100G","121.75","1","QC","","T","SRM","SRM","ICPM05-16-0006","IRM001A"
"8247813","25/01/2016 07:19:19 AM","25/01/2016 07:19:19 AM","T","ICPM050214","Iodine","UG_P_100G","134.297","1","QC","","T","SRM","SRM","ICPM05-16-0007","IRM001A"
"8255623","27/01/2016 02:07:58 PM","27/01/2016 02:07:58 PM","T","ICPM050214","Iodine","UG_P_100G","125.839","1","QC","","T","SRM","SRM","ICPM05-16-0008","IRM001A"
"8259126","28/01/2016 11:49:30 AM","28/01/2016 11:49:30 AM","T","IODI010493","Iodine","UG_P_100G","125","1","QC","","T","SRM","SRM","IODI01-16-0012","IRM001A"
"8264161","29/01/2016 12:35:26 PM","29/01/2016 12:35:26 PM","T","ICPM050214","Iodine","UG_P_100G","124.407","1","QC","","T","SRM","SRM","ICPM05-16-0009","IRM001A"
"8270751","01/02/2016 08:41:03 AM","01/02/2016 08:41:03 AM","T","ICPM050214","Iodine","UG_P_100G","121.886","1","QC","","T","SRM","SRM","ICPM05-16-0010","IRM001A"
"8270929","01/02/2016 09:24:09 AM","01/02/2016 09:24:09 AM","T","IODI010493","Iodine","UG_P_100G","110","1","QC","","T","SRM","SRM","IODI01-16-0013","IRM001A"
"8275454","02/02/2016 10:05:43 AM","02/02/2016 10:05:43 AM","T","ICPM050214","Iodine","UG_P_100G","121.067","1","QC","","T","SRM","SRM","ICPM05-16-0011","IRM001A"
"8280780","03/02/2016 10:58:02 AM","03/02/2016 10:58:02 AM","T","ICPM050214","Iodine","UG_P_100G","120.062","1","QC","","T","SRM","SRM","ICPM05-16-0012","IRM001A"
"8284041","04/02/2016 08:09:44 AM","04/02/2016 08:09:44 AM","T","IODI010493","Iodine","UG_P_100G","135","1","QC","","T","SRM","SRM","IODI01-16-0014","IRM001A"
"8290816","05/02/2016 01:38:40 PM","05/02/2016 01:38:40 PM","T","ICPM050214","Iodine","UG_P_100G","127.549","1","QC","","T","SRM","SRM","ICPM05-16-0013","IRM001A"
"8295312","07/02/2016 12:00:25 PM","07/02/2016 12:00:25 PM","T","ICPM050214","Iodine","UG_P_100G","127.095","1","QC","","T","SRM","SRM","ICPM05-16-0014","IRM001A"
"8296288","08/02/2016 07:49:55 AM","08/02/2016 07:49:55 AM","T","IODI010493","Iodine","UG_P_100G","135","1","QC","","T","SRM","SRM","IODI01-16-0015","IRM001A"
"8308837","10/02/2016 03:10:02 PM","10/02/2016 03:10:02 PM","T","ICPM050214","Iodine","UG_P_100G","130.078","1","QC","","T","SRM","SRM","ICPM05-16-0015","IRM001A"
"8314724","12/02/2016 07:19:04 AM","12/02/2016 07:19:04 AM","T","ICPM050214","Iodine","UG_P_100G","142.6","1","QC","","F","SRM","SRM","ICPM05-16-0016","IRM001A"
"8319661","13/02/2016 09:20:08 AM","13/02/2016 09:20:08 AM","T","ICPM050214","Iodine","UG_P_100G","142.091","1","QC","","F","SRM","SRM","ICPM05-16-0017","IRM001A"
"8320013","13/02/2016 11:18:43 AM","13/02/2016 11:18:43 AM","T","ICPM050214","Iodine","UG_P_100G","134.763","1","QC","","T","SRM","SRM","ICPM05-16-0018","IRM001A"
"8322621","15/02/2016 07:19:30 AM","15/02/2016 07:19:30 AM","T","ICPM050214","Iodine","UG_P_100G","133.87","1","QC","","T","SRM","SRM","ICPM05-16-0019","IRM001A"
"8322821","15/02/2016 08:34:14 AM","15/02/2016 08:34:14 AM","T","ICPM050214","Iodine","UG_P_100G","141.019","1","QC","","F","SRM","SRM","ICPM05-16-0020","IRM001A"
"8323783","15/02/2016 11:33:40 AM","15/02/2016 11:33:40 AM","T","ICPM050214","Iodine","UG_P_100G","119.406","1","QC","","T","SRM","SRM","ICPM05-16-0021","IRM001A"
"8323986","15/02/2016 12:53:49 PM","15/02/2016 12:53:49 PM","T","ICPM050214","Iodine","UG_P_100G","135.272","1","QC","","F","SRM","SRM","ICPM05-16-0022","IRM001A"
"8324552","15/02/2016 02:56:10 PM","15/02/2016 02:56:10 PM","T","ICPM050214","Iodine","UG_P_100G","137.309","1","QC","","F","SRM","SRM","ICPM05-16-0024","IRM001A"
"8326278","16/02/2016 07:45:15 AM","16/02/2016 07:45:15 AM","T","ICPM050214","Iodine","UG_P_100G","135.623","1","QC","","F","SRM","SRM","ICPM05-16-0025","IRM001A"
"8326922","16/02/2016 09:42:38 AM","16/02/2016 09:42:38 AM","T","IODI010493","Iodine","UG_P_100G","139","1","QC","","T","SRM","SRM","IODI01-16-0020","IRM001A"
"8336657","18/02/2016 10:18:58 AM","18/02/2016 10:18:58 AM","T","ICPM050214","Iodine","UG_P_100G","129.04","1","QC","","T","SRM","SRM","ICPM05-16-0027","IRM001A"
"8337846","18/02/2016 01:22:43 PM","18/02/2016 01:22:43 PM","T","IODI010493","Iodine","UG_P_100G","126","1","QC","","T","SRM","SRM","IODI01-16-0021","IRM001A"
"8343016","19/02/2016 01:35:18 PM","19/02/2016 01:35:18 PM","T","ICPM050214","Iodine","UG_P_100G","234.405","1","QC","","F","SRM","SRM","ICPM05-16-0028","IRM001A"
"8348059","21/02/2016 08:04:14 AM","21/02/2016 08:04:14 AM","T","ICPM050214","Iodine","UG_P_100G","132.211","1","QC","","T","SRM","SRM","ICPM05-16-0029","IRM001A"
"8349591","22/02/2016 08:10:25 AM","22/02/2016 08:10:25 AM","T","ICPM050214","Iodine","UG_P_100G","129.792","1","QC","","T","SRM","SRM","ICPM05-16-0030","IRM001A"
"8355437","23/02/2016 12:25:58 PM","23/02/2016 12:25:58 PM","T","ICPM050214","Iodine","","","1","QC","","T","SRM","SRM","ICPM05-16-0031","IRM001A"
